"url","title","metaDescription","wordCount","h1","keywords"
"https://logic-unit.com","Logic Unit | Product Engineering & SaaS Operating Company","Logic Unit builds and operates industry-specific SaaS platforms for retail, healthcare, logistics, manufacturing, facilities, and enterprise operations.","684","System.Object[]","product engineering company; SaaS operating company; industry-specific SaaS platforms; software platforms for real industries; product ecosystem; SaaS architecture; data infrastructure; multi-tenant systems; AI integration; IoT integration; strategic SaaS partnerships; enterprise collaboration; case studies; logistics management platform; healthcare professional sample ordering"
"https://logic-unit.com/about","About Logic Unit: Product Engineering Services Company","Logic Unit is Product Engineering Services Company building software platforms for real industries with scalable, innovative solutions.","312","System.Object[]","product ecosystem; SaaS architecture; data infrastructure; IoT integration; enterprise collaboration; case studies"
"https://logic-unit.com/case-studies","Case Studies | Software Platforms For Real Industries","Explore Logic Unit case studies across logistics, healthcare, retail, government platforms, fintech, ERP, and augmented reality.","478","System.Object[]","product engineering company; SaaS operating company; industry-specific SaaS platforms; software platforms for real industries; product ecosystem; SaaS architecture; data infrastructure; IoT integration; enterprise collaboration; case studies; drug verifier platform; government payment platform; augmented reality campaign"
"https://logic-unit.com/case-studies/agp-drug-verifier-platform","AGP Drug Verifier Platform Case Study","Logic Unit developed a drug authentication ecosystem for AGP with barcode verification, scan analytics, and compliance reporting.","256","System.Object[]","SaaS architecture; data infrastructure; IoT integration; enterprise collaboration; case studies; drug verifier platform"
"https://logic-unit.com/case-studies/dunkin-donuts-retail-operations-platform","Dunkin' Donuts Retail Operations Platform Case Study","Logic Unit built a mobile-first retail operations and sales management platform for Dunkin' Donuts Pakistan branch visibility.","267","System.Object[]","SaaS architecture; data infrastructure; IoT integration; enterprise collaboration; case studies; retail operations platform"
"https://logic-unit.com/case-studies/giftwifts-leopards-courier","GiftWifts Digital Commerce Platform Case Study","Logic Unit helped build GiftWifts, a digital commerce and corporate gifting platform backed by Leopards Courier logistics operations.","255","System.Object[]","SaaS architecture; data infrastructure; IoT integration; enterprise collaboration; case studies"
"https://logic-unit.com/case-studies/goodments-ethical-investing-platform","Goodments Ethical Investing Platform Case Study","Logic Unit helped build Goodments, a mobile-first fintech platform for ESG screening, portfolio management, and ethical investing.","289","System.Object[]","SaaS architecture; data infrastructure; IoT integration; enterprise collaboration; case studies"
"https://logic-unit.com/case-studies/ksew-enterprise-erp-transformation","KS&EW Enterprise ERP Transformation Case Study","Logic Unit contributed to an enterprise ERP transformation for KS&EW across project management, procurement, engineering, and finance.","290","System.Object[]","SaaS architecture; data infrastructure; IoT integration; enterprise collaboration; case studies"
"https://logic-unit.com/case-studies/mpay-government-payment-platform","mPay Government Payment Platform Case Study","Logic Unit contributed to mPay, a unified government mobile payment platform for Dubai Smart Government digital services.","285","System.Object[]","SaaS architecture; data infrastructure; IoT integration; enterprise collaboration; case studies; government payment platform"
"https://logic-unit.com/case-studies/novo-nordisk-sample-ordering-application","Novo Nordisk Sample Ordering App Case Study","Logic Unit developed a secure iOS sample ordering application for healthcare professionals with education, compliance, and request workflows.","268","System.Object[]","SaaS architecture; data infrastructure; IoT integration; enterprise collaboration; case studies"
"https://logic-unit.com/case-studies/qatar-airways-augmented-reality-campaign","Qatar Airways Augmented Reality Campaign Case Study","Logic Unit helped create an augmented reality brand engagement campaign for Qatar Airways with mobile interaction and analytics.","262","System.Object[]","SaaS architecture; data infrastructure; IoT integration; enterprise collaboration; case studies; augmented reality campaign"
"https://logic-unit.com/case-studies/seagold-logistics-management-platform","Seagold Logistics Management Platform Case Study","See how Logic Unit built a logistics management and shipment tracking platform for Seagold with customer self-service and real-time visibility.","307","System.Object[]","SaaS architecture; data infrastructure; IoT integration; enterprise collaboration; case studies; logistics management platform"
"https://logic-unit.com/case-studies/smart-salik-digital-toll-management","Smart Salik Digital Toll Management Case Study","Logic Unit contributed to Smart Salik, a digital toll management mobile app for account balance, recharge, vehicles, and violations.","293","System.Object[]","SaaS architecture; data infrastructure; IoT integration; enterprise collaboration; case studies"
"https://logic-unit.com/contact","Contact Logic Unit | Partnerships & Enterprise Collaboration","Contact Logic Unit for product ecosystem inquiries, strategic SaaS partnerships, system integrator relationships, enterprise collaboration, and platform discussions.","227","System.Object[]","product ecosystem; SaaS architecture; data infrastructure; IoT integration; strategic SaaS partnerships; enterprise collaboration; case studies"
"https://logic-unit.com/ecosystem","Product Ecosystem | Industry SaaS Platforms By Logic Unit","Explore Logic Unit's SaaS product ecosystem, including HULM POS, Titan CMMS, Hospitello, Bike Tour Pro, AnalyzeQuran, MFCC, and AnimalCare360.","338","System.Object[]","SaaS operating company; industry-specific SaaS platforms; software platforms for real industries; product ecosystem; SaaS architecture; data infrastructure; IoT integration; enterprise collaboration; case studies"
"https://logic-unit.com/ecosystem/analyzequran","AnalyzeQuran | AI-Powered Quranic Research Platform","AnalyzeQuran is an AI-powered Quran study platform for root-word analysis, thematic research, translation comparison, and intelligent search.","255","System.Object[]","SaaS architecture; data infrastructure; IoT integration; enterprise collaboration; case studies"
"https://logic-unit.com/ecosystem/animalcare360-livestock-animal-care-software","AnimalCare360 | Livestock & Animal Care ERP by Logic Unit","AnimalCare360 by Logic Unit is Pakistan's #1 cloud ERP for cattle farms, wanda retailers, animal traders & pet hospitals. FBR-compliant. Start free trial.","1056","System.Object[]","SaaS architecture; data infrastructure; IoT integration; enterprise collaboration; case studies"
"https://logic-unit.com/ecosystem/bike-tour-pro","Bike Tour Pro | White-Label Tour Operator Platform","Bike Tour Pro is a white-label SaaS platform for tour operators to manage bookings, customers, payments, communications, and mobile apps.","315","System.Object[]","SaaS architecture; data infrastructure; IoT integration; enterprise collaboration; case studies"
"https://logic-unit.com/ecosystem/hospitello","Hospitello | Digital Patient Engagement Platform","Hospitello is a healthcare engagement platform for appointment booking, specialist discovery, patient education, and hospital communication.","301","System.Object[]","SaaS architecture; data infrastructure; IoT integration; enterprise collaboration; case studies"
"https://logic-unit.com/ecosystem/hulm-pos","HULM POS | Retail POS & Business Management Platform","HULM POS is a unified retail and business management platform for billing, inventory, procurement, CRM, reporting, and FBR integration.","361","System.Object[]","SaaS architecture; data infrastructure; IoT integration; enterprise collaboration; case studies"
"https://logic-unit.com/ecosystem/hulm-solutions","Hulm Solutions Cloud Based POS & Business OS by Logic Unit","Hulm Solutions by Logic Unit is POS & all-in-one business management platform built for retail, restaurants & 10+ industries. Book a free demo!","1065","System.Object[]","SaaS architecture; data infrastructure; IoT integration; enterprise collaboration; case studies"
"https://logic-unit.com/ecosystem/mfcc-command-control-console","MFCC | Command & Control Workstation Platform","MFCC is a mission-critical command and control workstation for maritime, defense, surveillance, and operational monitoring environments.","292","System.Object[]","SaaS architecture; data infrastructure; IoT integration; enterprise collaboration; case studies"
"https://logic-unit.com/ecosystem/titan-cmms","Titan CMMS | Maintenance Management Software Platform","Titan CMMS is an enterprise-grade maintenance management platform for asset management, preventive maintenance, work orders, and analytics.","327","System.Object[]","SaaS architecture; data infrastructure; IoT integration; enterprise collaboration; case studies"
"https://logic-unit.com/ecosystem/titan-mms-maintenance-management-software","TitanMMS: CMMS & Asset Management Software by Logic Unit","Titan MMS by Logic Unit is computerized maintenance management software (CMMS) that helps industries automate maintenance operations.","1152","System.Object[]","SaaS architecture; data infrastructure; IoT integration; enterprise collaboration; case studies"
"https://logic-unit.com/industries","Industry-Specific SaaS Platforms | Logic Unit","Logic Unit builds and operates industry-specific SaaS platforms for retail, healthcare, livestock, manufacturing, logistics, facilities, and enterprise operations.","450","System.Object[]","product engineering company; SaaS operating company; industry-specific SaaS platforms; software platforms for real industries; product ecosystem; SaaS architecture; data infrastructure; IoT integration; enterprise collaboration; case studies; drug verifier platform; retail operations platform"
"https://logic-unit.com/industries/facilities","Facilities Software Platforms | Logic Unit","Logic Unit builds and operates industry-specific SaaS platforms for facilities, maintenance, and service activity.","227","System.Object[]","product ecosystem; SaaS architecture; data infrastructure; IoT integration; enterprise collaboration; case studies"
"https://logic-unit.com/industries/healthcare","Healthcare Software Platforms | Logic Unit","Logic Unit builds and operates industry-specific SaaS platforms for healthcare and service operating environments.","197","System.Object[]","industry-specific SaaS platforms; product ecosystem; SaaS architecture; data infrastructure; IoT integration; enterprise collaboration; case studies; drug verifier platform"
"https://logic-unit.com/industries/livestock","Livestock Software Platforms","Logic Unit builds and operates SaaS platforms for livestock, veterinary, and animal care operations.","169","System.Object[]","industry-specific SaaS platforms; product ecosystem; SaaS architecture; data infrastructure; IoT integration; enterprise collaboration; case studies"
"https://logic-unit.com/industries/logistics","Logistics Software Platforms | Logic Unit","Logic Unit builds and operates industry-specific SaaS platforms for logistics and operational coordination.","178","System.Object[]","SaaS architecture; data infrastructure; IoT integration; enterprise collaboration; case studies"
"https://logic-unit.com/industries/manufacturing","Manufacturing Software Platforms | Logic Unit","Logic Unit builds and operates industry-specific SaaS platforms for manufacturing and industrial operations.","207","System.Object[]","product ecosystem; SaaS architecture; data infrastructure; IoT integration; enterprise collaboration; case studies"
"https://logic-unit.com/industries/retail","Retail Software Platforms | Logic Unit","Logic Unit builds and operates industry-specific SaaS platforms that support retail and business operating environments.","210","System.Object[]","product ecosystem; SaaS architecture; data infrastructure; IoT integration; enterprise collaboration; case studies"
"https://logic-unit.com/partnerships","Strategic Partnerships | Technology & Growth Alliances","Build strategic partnerships with Logic Unit to create innovative software solutions, expand market reach & drive long-term business growth.","301","System.Object[]","product ecosystem; SaaS architecture; data infrastructure; IoT integration; enterprise collaboration; case studies"
"https://logic-unit.com/partnerships/enterprise-collaboration","Enterprise Collaboration for SaaS Platforms","Contact Logic Unit for enterprise collaboration around industry-specific SaaS platforms and digital infrastructure.","154","System.Object[]","industry-specific SaaS platforms; software platforms for real industries; SaaS architecture; data infrastructure; IoT integration; enterprise collaboration; case studies"
"https://logic-unit.com/partnerships/strategic-partnerships","Strategic SaaS Partnerships","Partner with Logic Unit through strategic SaaS partnerships focused on product ecosystem collaboration and industry platform growth.","157","System.Object[]","industry-specific SaaS platforms; product ecosystem; SaaS architecture; data infrastructure; IoT integration; strategic SaaS partnerships; enterprise collaboration; case studies"
"https://logic-unit.com/partnerships/system-integrators","System Integrator Partnerships","Logic Unit works with system integrators for implementation, deployment, and integration relationships across operational industries.","153","System.Object[]","industry-specific SaaS platforms; SaaS architecture; data infrastructure; IoT integration; system integrator partnerships; enterprise collaboration; case studies"
"https://logic-unit.com/technology","Technology & R&D Backbone | Logic Unit","Explore Logic Unit's SaaS architecture, data infrastructure, mobile platforms, AI integration, IoT integration, and enterprise system experience.","666","System.Object[]","software platforms for real industries; SaaS architecture; data infrastructure; multi-tenant systems; IoT integration; enterprise collaboration; case studies"
